key,0,1,2,3,4,5,6,7,8,9,10,11,12,13,14,15,16,17,18,19,20,21,22,23,24,25,26,27,28,29,30,31,32,33,34,35,36,37,38,39,40,41,42,43,44,45,46,47,48,49
#,HyurMidlander[Male],HyurMidlander[Female],HyurMidlander[LastName],HyurHighlander[Male],HyurHighlander[Female],HyurHighlander[LastName],Elezen[Male],Elezen[Female],ElezenWildwood[LastName],ElezenDuskwight[LastName],MiqoteSun[Male],MiqoteSun[Female],MiqoteSun[MaleLastName],MiqoteSun[FemaleLastName],MiqoteMoon[Male],MiqoteMoon[Female],MiqoteMoon[Lastname],LalafellPlainsfolk[FirstNameStart],LalafellPlainsfolk[LastNameStart],LalafellPlainsfolk[EndOfNames],LalafellDunesfolk[Male],LalafellDunesfolk[MaleLastName],LalafellDunesfolk[Female],LalafellDunesfolk[FemaleLastName],RoegadynSeaWolf[Male],RoegadynSeaWolf[MaleLastName],RoegadynSeaWolf[Female],RoegadynSeaWolf[FemaleLastName],RoegadynHellsguard[FirstName],RoegadynHellsguard[MaleLastName],RoegadynHellsguard[FemaleLastName],AuRaRaen[Male],AuRaRaen[Female],AuRaRaen[LastName],AuRaXaela[Male],AuRaXaela[Female],AuRaXaela[LastName],HrothgarHellions[FirstName],HrothgarHellions[LastName],HrothgarLost[FirstName],HrothgarLost[LastName],,,,,,,Viera[FirstName],VieraRava[LastName],VieraVeena[LastName]
offset,0,4,8,12,16,20,24,28,32,36,40,44,48,52,56,60,64,68,72,76,80,84,88,92,96,100,104,108,112,116,120,124,128,132,136,140,144,148,152,156,160,164,168,172,176,180,184,188,192,196
Int32,String,String,String,String,String,String,String,String,String,String,String,String,String,String,String,String,String,String,String,String,String,String,String,String,String,String,String,String,String,String,String,String,String,String,String,String,String,String,String,String,String,String,String,String,String,String,String,String,String,String
0,"安赛尔梅特","赫敏","Abbey","维拉海尔姆","阿达拉","Alvey","艾贝坦","阿尔布瓦兹","Alamenain","Alambertel","阿·提卡","阿·琳波","Tia","Taqa","内乌·阿","内乌","Jawantal","阿","An","阿卡","比比","亚恩","芭","芭","艾利尔维恩","Lonwoerdsyn","狄尔佛希斯","Lonwoerdwyn","丹兴","Coeurl","Herring","赤城","葵","Kaneuchi","阿巴哈","巴古儿赤","Adarkim","伊维察","Amira","达沃尔","Zlatasch","济娃","Amira","Zlatasch","比尔嘉","Rehw-Nong","Sjadarwesfv","克琳","Hyskaris","Roda"
1,"克莱雷博尔德","艾莉森","Abel","维拉马尔","阿拉尔博塔","Archer","阿尔德里克","阿芒迪娜","Arscelin","Alboichamps","黎·提卡","碧·妮姆莉","Tia","Dhen","密亚·托","密亚","Molkot","阿比","Aro","巴斯","布布","贝塔","比","恰","埃利福鲁斯克","Wastwebbsyn","埃尔纳希斯","Wastwebbwyn","万德灵","Buffalo","Salmon","一亩","蓟","Akiudo","阿嘎斯勒台","巴尔呼金","Angura","马蒂亚","Azora","蒂霍米尔","Liubasch","维斯娜","Azora","Brankasch","伊嘉","Djt-Nong","Jgnewesfv","克廷","Eryut","Lesrekta"
2,"罗德维卡斯","盖娃","Ackerman","维雷尔姆","阿达琳德","Ashdale","亚历克苏瓦","阿梅莉娜","Asturmaux","Archevauliere","雅·利加","卡·兰麦雅","Tia","Rhiki","马夏·托","马夏","Mhakaracca","阿帕","Ato","奇奥","恰恰","多亚","布","妲","菲利尔森","Wistweinsyn","弗鲁尔希斯","Wistweinwyn","斯派拉灵","Chocobo","Trout","右岸","紫阳","Oshidari","阿格沙台","巴尔库金","Arulaq","奥索里奥","Avesna","利里姆","Brankasch","佐丽娅","Avesna","Tirasch","尤塞尔","Rehw-Marouc","Monnawesfv","阿莉丝","Camoa","Arda"
3,"塔兰","吉尔达","Addock","瓦因博德","阿德蕾娜","Ashe","安托瓦诺","阿芒妮","Aubaints","Auberlaint","茶·利加","德·旺嘉莉","Tia","Rhof","茹布·阿","茹布","Epocan","巴","Bu","基恩","切切","多加","恰","芙","菲厄穆尔","Wuntwilfsyn","弗雷希斯","Wuntwilfwyn","波若温","Aurochs","Whale","右京","花鸟","Gakuto","阿古扎木","巴乌古儿赤","Avagnar","弗拉季斯加","Azorya","克雷西米尔","Tirasch","罗季卡","Azorya","Ratyasch","凯尔塔","Djt-Marouc","Huorlwesfv","维伊丝","Muscadet","Ymir"
4,"奥尔德斯","茉特","Arkwright","维斯卡德","艾贝","Ayers","阿里斯蒙","阿米安娜","Aubierault","Aucheforne","伊·拉特","艾·妮布妮帕","Tia","Rahz","拉卡·阿","拉卡","Nelhah","茶","Buli","古达","可可","菲诺","丘","伊","菲利尔斯奇夫","Untawhasyn","菲利尔希斯","Untawhawyn","洛灵","Bull","Dolphin","雨月","菖蒲","Ushikai","雅布合","孛鲁德","Bairon","内纳德","Astana","多布","Ratyasch","柳波芙","Astana","Slanasch","罗伊法","Rehw-Bidit","Ornedwesfv","露伊","Atoel","Bosco"
5,"亚伯拉罕","塞西莉亚","Aubrey","维森坎德","艾里娜","Bailey","阿耳曼泰尔","阿斯特蕾勒","Aubrenard","Bamponcet","碧·拉特","芙·玛里波","Tia","Hena","纳吉·利","纳吉","Amariyo","杜","Buoy","霍伊","达达","伊萨","达","嘉","海尔布汉斯","Ubyltusyn","吉姆希斯","Ubyltuwyn","莱京","Buck","Clam","牛伏","淡雪","Kataribe","林丹","孛尔只斤","Bayaqud","兹拉坦","Arodica","德西米尔","Slanasch","米尔卡","Arodica","Enyasch","尼尔利","Djt-Bidit","Qufiswesfv","夏拉","Bysnoe","Gucuma"
6,"曼赛尔","阿米丝","Bagley","沃尔坎","艾诺尔","Baines","阿蒂里乌","阿特鲁娜","Aurifort","Bardelaurain","奥·恰达","古·柯恩娜拉","Tia","Tyata","奇特·阿","奇特","Gamduhla","艾","Dala","伊珀","迪迪","焦尼","德","柯","荷尔斯克盖斯","Sykursyn","哈尔德希斯","Sykurwyn","瑶宁","Antelope","Wave","雨读","杏","Bakuro","鲁夫山","孛拉格琴","Bolir","托普利察","Amilan","斯拉萨克","Enyasch","兰尼娅","Amilan","Natasch","缇亚","Rehw-Dvre","Foixewesfv","蕾娜","Dei-Ijla","Kisne"
7,"维尔纳","艾弗丽尔","Ballard","拉克乌尔夫","阿海里莎","Barrett","阿图瓦雷尔","奥蕾勒","Beltardois","Barnabontant","佩·恰达","赫·亚拉巴莉","Tia","Bamu","奇斯·阿","奇斯","Chalahko","菲","Du","吉卡","法法","莱伊","蒂","琪","凯坦伯恩","Swarsweigsyn","伊西尔希斯","Swarsweigwyn","拉芬","Wolf","Ocean","云山","十六夜","Urabe","阿达契台","孛洛格琴","Borlaaq","日丹","Amirka","马泰","Natasch","列德娜","Amirka","Svenach","沃蒂斯","Djt-Dvre","Ubmuawesfv","莱尔","Fyth","Tehp"
8,"波韦尔","艾德希达","Barker","乌尔特加尔","阿尔布蕾达","Battle","奥古斯蒂涅尔","布莱西","Bertouaint","Beaudefoins","维·阿帕","伊·基恩姬","Tia","Aba","希珀·利","希珀","Jakkya","弗","E","吉恩","弗弗","兰恩","法","库","梅尔吉恩","Swozstyrmsyn","康拖塔","Swozstyrmwyn","塔沃灵","Coyote","Abyss","云龙","交喙","Shikibu","阿术吉木","孛洛琴","Buduga","米斯蒂斯加","Asvana","多布里卡","Svenach","泽缇娜","Asvana","Ditasch","雅尔蒂","Rehw-Gilda","Copihwesfv","比永丝","Golmarr","Paharo"
9,"阿尔宾","莱维娜","Barlow","乌尼哈德","阿尔德露斯","Beake","奥梅里克","布兰蒂","Blodoint","Beaudonet","西·阿帕","嘉·塔尔姬","Tia","Raha","达卡·托","扎乌","Nbolo","伽","Gami","拉多","付付","劳欧","菲","菈","穆厄菲安","Solksthalsyn","克林拖塔","Solksthalwyn","萨尔京","Jackal","River","炎节","荆棘","Sakimuri","阿德契拉黑","博托惠","Dalamiq","穆蒂米尔","Avira","奥斯特罗米尔","Ditasch","斯托拉","Avira","Anatalyasch","阿斯蒂斯","Djt-Gilda","Rawbewesfv","阿丽姆","Iryut","Muruc"
10,"亚瑟","米拉贝尔","Bell","瓦伊雅特","阿蕾迪丝","Beck","巴蒂斯托","布莱妮","Branchais","Bontensont","艾·玛提","克·莉夏","Tia","Mhasi","达卡·利","达卡","Jinjahl","戈","Gu","尔比","伽伽","兰塔","芙","蕾","尼斯特比尔姆","Sunnskyfsyn","钦德拖塔","Sunnskyfwyn","巴恩丁","Griffin","Lake","海燕","伊吹","Hatasashi","阿纳尔巴","查仑","Iriq","博戈米尔","Aredna","伊万","Anatalyasch","玛丽娅","Aredna","Inivisch","比耶尔","Rehw-Setlas","Phiitewesfv","库利","Ljanta","Cahuac"
11,"奥古斯丁","艾蒂莎","Bellveil","瓦伊马","阿蕾索妮","Benbow","巴尔纳贝","布莉吉","Cahernaut","Braitognieux","乔·玛提","梅·拉艾波丽","Tia","Odh","茹布·利","奥克","Polaali","哈","Ha","尔戈","济济","迈伊","嘉","萝","佛里姆洛夫","Seiksatzsyn","拉戈拖塔","Seiksatzwyn","斯奇特灵","Dragon","Spring","影虎","善知","Tabito","阿马沙","怯怯伊真","Jhungid","拉蒂米尔","Azetina","弗谢米尔","Inivisch","托尔娜","Azetina","Jovasch","库利","Djt-Setlas","Gahjewesfv","伊塞拉","Miret-Moor","Isshu"
12,"贝亚德","阿尔蒂特","Berry","瓦伊蒙德","阿尔薇瑞德","Blackburn","贝尔农","索莉","Carrilaut","Brucemont","黎·欧尔赫","黎·科里维","Tia","Tykha","林·阿","琳","Maimhov","霍","Hamy","里恩","戈戈","迈雅","果","露","里特阿缇恩","Rhansathsyn","利那拖塔","Rhansathwyn","阮宁","Rat","Waterfall","阳炎","梅","Kaujin","阿马山赤","查木贝","Kharlu","拉季萨","Astolla","米斯加","Jovasch","捷莎","Astolla","Onasch","科瓦","","","尤尔希","Miret-Njer","Cebe"
13,"贝尔蒙特","奥德叶","Bishop","西姆","阿琉恩","Brood","布卢瓦西朗","塞莉","Charlemend","Cedrepierre","奇·欧尔赫","恩·赫恩格","Tia","Khuba","维拉·利","维拉","Lyehga","卡","Hon","里托","古古","穆克","哈","茉","斯凯恩利斯","Pfymseiksyn","诺尔拖塔","Pfymseikwyn","沃尔京","Mouse","Creek","喜鹊","艳丽","Gyoji","阿拉直布","杰杰伊真","Khatayin","察奇","Amarya","亚罗米尔","Onasch","尤丽娅","Amarya","Ulgasch","埃尔亚","","","维娜丝","Otoel","Yapih"
14,"本尼德克特","艾露珐","Braddock","塔伊奥恩","阿莉丝","Blacke","布瓦瑟隆","塞维莉雅","Chaunollet","Chamberliaux","恩·贝姆","奥·亚拉沫","Tia","Rhid","维拉·托","茨姆","Kaatapoh","卡姆","Ke","尔卡","哈哈","穆恩","希","姆","斯卡恩玛尔","Ostornsyn","拉姆拖塔","Ostornwyn","维平","Falcon","Stream","华山","落实","Daisho","阿拉布查","朵儿格聂","Malqir","兹沃尼米尔","Atolna","沃罗斯","Petyasch","佩拉","Atolna","Hinkasch","捷达","","","乌其娜","Qoet","Yaxin"
15,"本尼格尔","蒂亚曼德","Brasher","乌尔塔","阿梅罗特","Bloode","布里亚迪安","克丽奥","Cimeaurant","Charledore","卡·贝姆","佩·瓦巴茨","Tia","Bhen","缇芙·阿","缇芙","Khamazom","凯","Kelu","尔诺","希希","奈苏","佳","娜","修提姆维恩","Rosnsathsyn","利姆拖塔","Rosnsathwyn","奇青","Eagle","Bream","神威","枫","Kanshi","阿力克","朵儿革诺","Mankhad","涅克拉斯","Atessa","塞亚德","Linasch","莫芙","Atessa","Maevsch","耶克","","","索尼娅","Rysto","Huin"
16,"博伊尔","艾德布加","Brewer","乌恩弗雷","阿尔蕾特","Brand","布吕纳迪耶","德妮亚","Corentiaux","Chassebel","德·罗西","奇·姬瑞柯","Tia","Qolnh","缇奥·利","缇奥","Panipahr","克","Kesu","尔托","嘉嘉","奈嘉","杰","涅","斯姆雷特","Niunaglsyn","萨茨拖塔","Moeramohtwyn","瑞京","Buzzard","Siren","可乐","花月","Godo","阿嘎沙","也贝该","Mierqid","弗谢斯加","Ayurya","瓦茨拉夫","Ulgasch","杰安娜","Ayurya","Ovasch","约维","","","斯蕾娅","Sjasaris","Oghu"
17,"布兰","艾达","Broadbent","瓦拉弗里德","阿莎拉","Bullock","塞莱斯托","多塞特","Coultenet","Chatelfort","芙·罗西","尔·鲁恩","Tia","Loha","莫里·托","莫里","Moshroca","利弗","Kog","鲁吉","吉吉","奈恩","柯","妮","西希尔迪格","Moeramohtsyn","斯酷恩拖塔","Moegmhuwyn","斯提明","Crow","Whirlpool","灌水","霞","Ishiku","阿尔古胡","格孛儿金","Noykin","塔曼","Amov","卢德维特","Maevsch","莉丽娅","Apella","Slobasch","利亚","","","凯丝特拉","Tym","Tswarra"
18,"布鲁斯","艾德金","Brooks","瓦尔查","阿泰莉丝","Butcher","西塞鲁瓦","德艾勒","Dailemont","Cibleroit","古·阿兹","丝·纳伊嘉","Tia","Phen","莫里·拉","琪雅","Garanjy","莫","Loh","尔约","乔乔","尼玛","琪","诺","西文玛斯","Moegmhusyn","斯太尔拖塔","Marmannwyn","兰佩京","Dragonfly","Current","晓星","桔梗","Urabito","阿斯朗","古儿博苏","Olkund","谢文","Adeanna","安德里亚","Lentyasch","约拉","Amov","Piryasch","利奥特","","","彼得拉","Viras","Guguerro"
19,"克利夫顿","艾德薇雅","Browne","瓦尔迪伯特","奥雅辛","Byrde","西里安","多丽","Dariustel","Colbernoux","嘉·阿兹","茶·布罗卡","Tia","Falh","佩里·赛","佩里","Jawantal","纳","Ma","尔扎","科科","恩吉","科","珀","特拉哈涂姆","Marmannsyn","森拖塔","Oebmannwyn","赛宁","Peiste","Eddy","旭峰","菊水","Edakumi","阿尔赤黑","忽格仑","Dazkar","姆拉登","Ajolla","乌尔福","Ovasch","布兰卡","Adeanna","Votyasch","奈伊","","","诺伊拉","Wolt","Gugoza"
20,"克莱夫","埃尔蒂德","Carmine","瓦尔德马尔","奥琳","Byrne","克莱芒坦","蒂莉丝","Drillemont","Dechamberre","克·法尔科","乌·夏柯尔","Tia","Banhi","卡塔·阿","卡塔","Lihzeh","诺","Maba","玛嘉","酷酷","努黎","库","璞","维布阿科特","Oebmannsyn","西兹恩拖塔","Ostyrmannwyn","斯皮宁","Yarzon","Turtle","鱼道","水鸟","Okeya","阿鲁库泰","忽类罕","Oronir","拉季米尔","","拉茨劳","Yorvasch","琉芭","Ajolla","Anovsch","奥斯克","","","尼丽莎","Yascaret","Tormelados"
21,"科尔伯特","艾尔芙蕾妲","Carver","瓦尔伯特","奥里阿娜","Cordwyk","克洛泰勒","埃德梅勒","Drividot","Deresnels","梅·巴洛","乌·乔恩格","Tia","Malha","卡塔·托","雅赫","Mujuuk","奥","Mada","玛尼","拉拉","恩帕","拉","瑞","瓦斯特拉哈","Ostyrmannsyn","乌毕尔威达","Loezmannwyn","戴温","Morbol","Orobon","庆典","云切","Onishi","俺巴孩","呼札格儿","Oroq","拉迪奥","","齐夫","Slobasch","兹拉塔","","Ellasch","舍尔","","","奈伊","Voras",""
22,"科尔森","艾特芙蕾德","Clarke","瓦雷恩海里","奥里尔迪丝","Cotter","克洛泰里翁","艾尔德","Duimessand","Derinloire","尔·恩达尔","瓦·帕哈拉","Tia","Pahlo","拉雅·利","拉雅","Jaab","佩","Magu","米恰","利利","恩佐","乐","若","韦尔夫穆恩","Loezmannsyn","乌辛威达","Lubbloefwyn","克莱姆兵","Hornet","Apple","倾穗","红","Kaisuri","也林台","亦巴哈","Qerel","杰维亚特科","","马特科","Piryasch","拉佳","","Stalyasch","阿拉克雅","","","利亚","",""
23,"坎法斯","埃塞琳达","Clay","塞奥德里克","阿维丝","Crewe","达西安","艾尔维德","Duremert","Drancelmans","丝·恩达尔","维·琵柯伊","Tia","Tyatu","拉雅·洛","恩达","Tayuun","普","Mena","莫诺","罗罗","包其","莉","纱","温修特奥拉","Lubbloefsyn","凡威达","Loetrlihtwyn","坠弗廷","Wasp","Plum","启明","红玉","Kaifu","亦图成","札里凯","Torgud","弗拉托潘","","斯拉德奇","Votyasch","叶尼娅","","Zelasch","丹妮","","","瑞夏","",""
24,"科奈尔","芙瑞斯维德","Clayworth","泰乌德巴尔德","阿薇金","Dalvag","达尔斯卢瓦","埃米娜","Ebrelnaux","Dubeltaire","乌·奎伊","西·格纳柯","Tia","Naweh","拉雅·拉","乌拉","Bajhiri","拉","Mesha","纳恩","玛玛","莱吉","萝","霞","威修特森","Loetrlihtsyn","威尔特威达","Klynkestwyn","斯利平","Goobbue","Swan","玄武","小樱","Gakunin","亦鲁该","哈达甘","Tumet","斯瓦托米尔","","多玛戈伊","Anovsch","娜塔","","Vetasch","米亚拉","","","约蒂尔","",""
25,"科斯特","加丝丽特","Cooke","泰奥德马尔","阿薇拉","Denman","多米西安","艾尔米安丝","Estrelaint","Duchesnelt","瓦·奎伊","雅·雅拉妮","Tia","Ndai","塔塔·赛","塔塔","Zhwan","洛","Mol","恩可","梅梅","莱卡","露","秀","乌恩特希姆尔","Klynkestsyn","沃尔威达","Hyllkestwyn","斯托莱京","Mole","Gull","豪雪","琴风","Kasanui","兀赤金","火加格琴","Ugund","费利博尔","","维亚奇科","Ellasch","斯韦娜","","Stevasch","利尔雅","","","伊维特","",""
26,"西利亚克","格特","Corwell","塞维尔","阿薇恩","Elder","迪维库鲁瓦","费娜","Eurelt","Eudestand","阿·瓦诺","乔·莫尔巴","Tia","Halha","克玛·其","克玛","Molkoh","夏","Na","奈可","弥弥","瑞亚","玛","丝","威斯罗尔","Hyllkestsyn","威斯威达","Horskhundwyn","庄宁","Crab","Dodo","金刚","琴月","Kazarishi","兀都台","火金","Uyagir","格鲁古尔","","博里克","Lantasch","季塔","","Utyasch","夏拉","","","海琳","",""
27,"丹伯特","金奈德","Covey","西尔盖恩","巴尔泰尔达","Forester","埃马内兰","菲妮亚","Faintillaud","Eugeoiret","卡·瓦诺","碧·爱尔","Tia","Quah","阿姆·阿","阿姆","Mewrilah","肖","Po","奈利","那那","山姆","弥","苏","威兹恩古尔德","Horskhundsyn","吉恩威达","Glazhwabwyn","弥兴","Goat","Pelican","彩云","小春","Kawanami","也速成","火里金","Dhoro","德扬","","兹德拉夫科","Stalyasch","阿娜塔莉娅","","Rolvasch","伊里丝","","","尤玛","",""
28,"达马斯","歌德蕾瓦","Dorne","西博尔德","巴尔缇尔迪丝","Frost","昂盖朗","弗拉维艾勒","Faucertaux","Evrardoux","赫·拉恰","阿·纳雅克","Tia","Vanih","凯达·利","凯达","Rabntah","苏","Poto","恩伽","诺诺","山恩","茉","塔","塞斯乌雅","Glazhwabsyn","兹厄威达","Glazghotwyn","兴英","Drake","Doe","左岸","小町","Kusakari","也木里克","忽古儿琴","Orben","亚罗米尔","","米奥德拉格","Zelasch","因尼娃","","Wenyasch","巴吉","","","阿希娅","",""
29,"丹尼尔","古蒂芙","Dracht","西迪蒙德","贝蕾塔","Garrott","埃斯蒂尼安","弗洛丽娜","Faucillien","Fauchetemps","茶·拉恰","阿·赫茱碧","Tia","Laqi","凯达·托","帕纳","Wahcondalo","特","Ra","恩吉","帕帕","托尼","娜","托","扎赫克雷普夫","Glazghotsyn","艾斯威达","Guhtgeiswyn","淘尔京","Wyvern","Rabbit","左京","小琉璃","Kusushi","窝阔台","纳林加娃","Ejinn","茨季博尔","","弗拉斯季米尔","Vetasch","约娃","","Olanasch","嘉吉安","","","爱琳","",""
30,"迪特里希","古蒂莎","Eugene","西弗里德","博加尔德","Goffe","厄让努瓦","弗里娜","Ferdillaix","Fauconnoix","碧·艾利","碧·蕾莫","Tia","Amih","凯达·阿","巴索","Jomalah","瓦","Rala","恩戈","佩佩","乌陆","妮","茨","扎赫利姆","Guhtgeissyn","阿黎威达","Haerfruskwyn","微斯珀灵","Toad","Squirrel","残星","石榴","Kodakumi","窝只别克","努木仑","Dotharl","德米塔尔","","杜贝尼亚","Lianasch","佩佳","","Mildasch","耶尔普尔","","","约尔","",""
31,"登斯顿","海德休","Fairclough","罗里克","博特里阿娜","Grayve","法布雷耶","加埃勒","Forchetaix","Feuillelains","乔·艾利","碧·雅波基","Tia","Chaho","乌纳·阿","乌纳","Relanah","雅","Rom","奥恩","珀珀","万其","诺","娃","兹恩古太尔宾","Haerfrusksyn","巴拉威达","Ghimfolgwyn","斯塔灵","Ghost","Calf","残雪","小波","Sashihai","哈勒","窝阔林","Hotgo","博里米尔","","拉多万","Stevasch","莉娜","","Ridnisch","利奥基","","","特莎","",""
32,"戴文","希妲","Fields","拉吉恩蒙德","西莉亚","Grey","费利谢昂","格温诺莉","Forsemart","Fierlaine","德·茶赫","卡·兰塔","Tia","Jhamei","乌纳·托","克罗","Akhabila","尤","Tam","帕斯","库库","万伊","努","沃","吉贝特温德","Ghimfolgsyn","布鲁威达","Geimfoetwyn","法尔灵","Bear","Sparrow","紫云","小夜","Sarugaku","哈勒扎","窝儿贝","Sagahl","勒曼","","伊利科","Utyasch","欣卡","","Tilvisch","拉斯杨","","","耶克","",""
33,"迪里克","休德耶德","Fisher","兰德","克拉莉蒙德","Hammil","费雷奥尔","艾尔曼丝","Fraideoux","Fortanceste","嘉·茶赫","德·马拉德尔","Tia","Khah","乌纳·利","萨嘉","Awandah","嘉","Taya","普珀","菈菈","万兹","帕","娅","奥斯特西格","Geimfoetsyn","伯恩威达","Fhilfhiwyn","利平","Galago","Crow","紫电","紫苑","Shibunuri","海山","扫哈台","Kahkol","卢切扎尔","","德拉斯科","Rolvasch","玛耶芙","","Slendisch","特雷泽尔","","","基艾特","",""
34,"埃莱亚萨","蕾芙奇尔德","Fletcher","奥迪布兰德","德姆丝","Hart","菲尔米安","艾尔珊德","Frilaix","Fourchenault","艾·卡亚","艾·茱萨奈","Tia","Yarhu","乌纳·赛","恰格","Anbolho","洼","Tha","拉尔","雷雷","彦迪","佩","悠","隆沃德","Fhilfhisyn","布罗特威达","Farredzawyn","朱尔德","Gnat","Heron","白波","翠","Tanshi","海台","扫尔哈塔妮","Kha","多布里","","达科","Wenyasch","连佳","","Erayasch","乌弗罗","","","比耶尔","",""
35,"伊曼纽尔","蕾芙蕾达","Fulke","奥迪内尔","德达","Hawke","菲米尼南","伊莉艾特","Fromelaut","Fousquenet","伊·卡亚","奥·茱拉姆","Tia","Iahe","西扎·利","伊吉","Betwanhe","扎","Tun","利姆","力力","彦克","珀","杰","阿尔德福特","Farredzasyn","比利古威达","Eifaentwyn","艾福瑞","Boar","Stork","白狮","雀","Chosai","却思黎黑","扫若参","Mol","普蒂米尔","","文采尔","Nintasch","奥娃","","Veitasch","弗列","","","埃丽丝","",""
36,"伊拉斯马斯","密尔布丝","Gardner","奥尔特尔夫","艾博希尔德","Hext","弗洛伦泰尔","伊奥蕾恩","Georjeaux","Frageorloix","芙·雅贺","卡·塔达拉","Tia","Rhuwa","萨密·托","琵赫","Binbotaj","佐","Vu","洛克","洛洛","勇恩","璞","洁","阿特玛斯","Eifaentsyn","登恩威达","Doerdyrfwyn","格瑞斯福","Beetle","Crane","神刀","堇","Dejiki","忽朱克","速尔库帖妮","Gesi","洛夫罗","","文茨拉斯","Olanasch","约尔娃","","Wirasch","吉艾罗","","","米亚拉","",""
37,"艾里克","密尔德斯瑞斯","Gelson","奥特维恩","艾迪拉","Hicke","弗洛里蒙","伊蕾娜","Gibrillont","Franchemontiaux","黎·雅贺","艾·帕古罗","Tia","Belhi","西扎·托","西扎","Burwani","","Yara","塔恩","露露","赞恩","葵","","巴尔德威尔恩","Doerdyrfsyn","杜恩盖姆","Fiandoenwyn","加格德","Ant","Duck","瑞光","青花","Torioi","忽查儿","塔丘檀","Kagon","尤拉伊","","克里夫","Mildasch","斯洛芭","","Svanasch","奥沃","","","舍尔","",""
38,"艾斯蒙德","麦德蕾德","Glover","奥太林","艾丽娅","Horne","弗兰凯","让谢蒂","Grillairmais","Francmontois","梅·维尔希","奥·博柯奈","Tia","Celah","萨密·阿","萨密","Dolabnha","","Yu","托尼","萨萨","杰戈","璐","","凯尔兴","Fiandoensyn","德瑞斯盖姆","Bryndoenwyn","寇伊尔德","Raptor","Fawn","剪定","雪花","Naeuri","奎由","塔尔坤","Goro","沃龙","","瓦尔德马","Ridnisch","皮丽娅","","Irryasch","贝特努尔甫","","","伊里丝","",""
39,"埃斯穆尔","奥丝吉丝","Goode","奥索","艾丽丝","Hunt","加比诺","雅妮","Grinnaux","Gerraldieux","恩·威利","芙·玛纳珐","Tia","Denma","萨密·坦","柯塔","Dakwhil","","Za","托帕","海海","","莎","","登克尔特拉哈","Bryndoensyn","爱因盖姆","Blaetibaenwyn","克鲁克德","Mite","Bee","千两","千草","Hakuuchi","贵由","帖古斯金","Gharl","斯韦蒂斯加","","戈兰","Tilvisch","沃佳","","","奎维","","","阿纳","",""
40,"埃斯佩兰斯","奥西萨","Goode","拉多尔夫","艾丽艾诺拉","Keene","加埃唐","若艾莉","Guerrique","Godriquelain","茶·杰恩玛","嘉·达西姆","Tia","Fhey","奇特·利","纳巴","Entialpoh","","Zo","瓦吉","赛赛","","思","","艾伊利森","Blaetibaensyn","菲厄盖姆","Floeraskwyn","佩恩提德","Ale","Bat","湛水","千鸟","Banjo","库力布查","托真聂","Dataq","亚里克","","佐里亚","Slendisch","阿诺芙","","","达格托尔","","","阿斯蒂斯","",""
41,"埃特加尔","奥斯特瑞丝","Goodfellow","拉福尔德","艾丽珊德","Kemp","加斯帕尔","若莱娜","Hanrieaux","Goudernoux","佩·杰恩玛","奥·恩达妮亚","Tia","Genhu","柯纳·利","柯纳","Elakha","","Zu","扎伊","塔塔","","肖","","费兹穆恩","Floerasksyn","甘兹盖姆","Guolfyrwyn","诺提德","Wine","Lamb","月影","千早","Fukiku","者卜客","托拉嘉娜","Haragin","斯万特","","贝伦","Erayasch","叶拉","","","艾伊拉尔特","","","菲约拉","",""
42,"弗雷迪里克","赛布加","Greave","拉加纳尔德","艾梅茵","Knight","吉约诺","拉耶","Hobriaut","Grandeterre","乌·荷尔哈","嘉·拉玛妮","Tia","Heleh","柯纳·托","玛夏","Fashonti","","Zuka","扎克","图图","","索","","云格巴尔","Guolfyrsyn","古特盖姆","Hezzfyrwyn","布拉蒂德","Fox","Ladybug","桃源","鸫","Furukane","哲贝","兀怵真","Ura","韦利斯加","","梅采克","Yanavsch","兰塔","","","玖凯","","","利娅","",""
43,"乔弗里","桑吉芙","Greene","拉加恩弗里德","艾默琳","Lak","吉耶弗雷纳","利艾姆","Hortimont","Guillestet","瓦·荷尔哈","伊·纳恩嘉尔","Tia","Jesal","格塔·利","格塔","Ganajai","","","佐恩","瓦瓦","","塔","","柯尔特雷恩","Hezzfyrsyn","海尔盖姆","Fyrlihtwyn","坦德","Fire","Frog","桃夭","椿","Bunja","者勒蔑","也孙帖","Moks","米洛拉德","","贝尔纳丹","Veitasch","斯塔丽娅","","","霍格尼尔","","","利奥特","",""
44,"杰拉尔德","辛诺芙","Happer","梅因弗里德","艾梅特","Langdale","居斯塔万","莉西","Hourlinet","Handeloup","阿·维特","西·帕塔罗","Tia","Kett","珀奇·阿","珀奇","Lanbatal","","","吉尔","雅雅","","泰","","鲁特斯菲伊克","Fyrlihtsyn","哈特盖姆","Merlskyfwyn","坎德","Flame","Condor","胴割","枣","Maibito","真克思","阿剌格","Geneq","贝里米尔","","米洛万","Lunyasch","泽拉","","","切特","","","奥斯克","",""
45,"格博尔德","赛尔德莉","Hill","穆尼弗里德","艾恩娜","Lodall","吉德洛","洛阿娜","Hubairtin","Haurtefert","西·维特","瓦·拉雅恩","Tia","Lhea","克嘉·阿","克嘉","Moshantu","","","吉因","耀耀","","托","","鲁兹奇厄兹","Merlskyfsyn","希厄特盖姆","Swyroeganwyn","泰瑞布尔","Smoke","Marmot","苗代","鸣海","Benitoki","思都儿古","阿阑","Horo","弗托拉克","","布拉斯加","Wirasch","维塔","","","米弗罗","","","特娅","",""
46,"戈斯顿","尤丽丝","Hodder","莱文哈特","阿密娜","Lowe","阿德勒福","露西娜","Iseterre","Haustefort","碧·涅亚","克·雅尔薇恩","Tia","Menh","克嘉·托","凯妮","Chelewae","","","","尤尤","","图","","布兰戴穆","Swyroegansyn","洛特厄盖姆","Maetironnwyn","劳德","Spear","Firefly","梅园","叶樱","Mizuhiki","札嘎台","阿勒特","Himaa","亚罗波尔","","米尔科","Liorasch","罗尔娃","","","雷迪","","","乌娜","",""
47,"格维因","伍尔夫尤","Holmes","里加特","阿普希德","Marshall","埃里贝尔","露妮","Janlenoux","Hortefense","维·涅亚","克·碧瓦莉","Tia","Neneh","塔拉·托","塔拉","Wolndara","","","","扎扎","","薇","","里特斯奇尔特","Maetironnsyn","梅尔盖姆","Eynfoetwyn","赛伦特","Herd","Hare","隼","花芽","Yumitori","札木哈","阿勒塔妮","Malaguld","达朗","","豪里什","Svanasch","温尼娅","","","萨维尔","","","维珂塔","",""
48,"吉尔伯特","毕蒂","Holt","约弗里德","艾西娜","Moore","艾尔姆诺","莉塞勒","Jantellot","Ignemortel","伊·菲尔","雅·恩布莉亚","Tia","Rhel","伊恩·尔","蕾","Wilzuun","","","","泽泽","","瓦","","里尔哈厄","Eynfoetsyn","奥方盖姆","Eynmoenwyn","沙朵维","Brother","Dove","半作","云雀","Yumishi","失拉蒙","阿勒敦","Urumet","巴任","","米伦科","Irryasch","宁塔","","","乌杜尤斯","","","米迪娅","",""
49,"哈尔斯坦","柏蕾雅","Hunt","兰巴德","福尔德拉","Outlawe","奥诺兰","马埃娜","Jehantel","Imbertain","克·菲尔","伊·达奇亚","Tia","Sheqa","伊恩·沃","奥雅","Quowaital","","","","兹兹","","沃","","鲁汉斯","Eynmoensyn","斯努盖姆","Zwynwyrstwyn","斯利珀瑞","Cyclone","Orchid","飞云","风兰","Doshin","失勒该","阿仑","Qalli","布季米尔","","艾丁","","米尔达","","","瓦利扬","","","阿露埃特","",""
50,"休瑞","埃莉内德","Jeanne","赫罗德里克","盖伊拉","Payne","于贝尔蒂安","马尔塞特","Josseloux","Jandelaine","奥·腾沛","乔·阿塔诺","Tia","Tenbe","伊恩·阿","伊恩","Jawantal","","","","","","雅","","斯酷恩里希特","Zwynwyrstsyn","修缇尔盖姆","Zeinkletwyn","佩森特","Tower","Moss","飞燕","牡丹","Jizutsu","速哥该","安格吉儿","Qestir","斯韦托扎尔","","沃伊诺米尔","","里德妮","","","阿弗利德","","","瓦伦丁","",""
51,"霍丁","艾莫妮","Kirk","赫罗德里希","盖勒","Pytte","于格蒙","马尔热琳","Lanquairt","Jeulerand","古·腾沛","乌·博瓦奇","Tia","Vheo","雷尔·尔","蕾尔","Molkot","","","","","","悠","","修太尔胡恩德","Zeinkletsyn","斯恩迪尔维布","Hyllingilwyn","斯娄","Snake","Elm","百部","真琴","Musa","台都库儿","孛奇","","济斯加","","约夫","","季尔维","","","埃伦维尔","","","维尔","",""
52,"汉弗莱","埃西尔特","Lannis","赫罗多尔夫","盖蕾恩","Quick","伊萨穆瓦","玛丽奥特","Lanverlais","Juliembert","雅·维塔","奇·纳尔奇","Tia","Wetae","雷尔·拉","塞娜","Mhakaracca","","","","","","优","","斯太尔布罗达","Hyllingilsyn","斯维恩维布","Helbmannwyn","宁博尔","Adder","Oak","风月","爱","Buhen","塔马查哥","伯多","","赫尔沃耶","","达米尔","","斯连季","","","加尔文","","","皮亚内","",""
53,"约翰尼斯","芙蕾","Leach","赫罗特马尔","加希尔德","Rakes","伊索多雷尔","玛丽埃勒","Larsonient","Lamberteint","乔·维塔","西·德娃卡","Tia","Yelho","雷尔·沃","扎海","Epocan","","","","","","洁","","斯恩迪尔温德","Helbmannsyn","斯维尔德维布","Guldgarawyn","瓦伊兹","Cedar","Mahogany","覆土","真鹤","Tsuwamono","赤哥","孛儿特","","亚雷克","","戈斯蒂米尔","","叶拉娅","","","塞格鲁瓦","","","索菲","",""
54,"乔纳森","芬德蕾克","Leatherby","赫尔德尔夫","吉塞拉","Rayne","伊沃洛","莫妮","Liautroix","Langloisiert","恩·泽特","奇·哈特亚","Tia","Zhed","密克·阿","奥奇","Nelhah","","","","","","佐","","斯沃兹维恩","Guldgarasyn","托尔维布","Drysfalkwyn","达尔","Knife","Tree","圃场","金翅","Nagae","赤都胡儿","卡乌尔","","韦塞林","","武克","","亚娜芙","","","塞德利科","","","埃莲","",""
55,"乔瑟夫","格洛森","Lee","赫罗迪加","吉斯拉","Redd","雅克曼","梅莉西","Lionnellais","Lantonceins","赫·泽特","丝·拉克夏伊","Tia","Zolwe","密克·托","密克","Amariyo","","","","","","茱","","西兹恩斯克夫","Drysfalksyn","图古维布","Borgbyldawyn","陶尔","Hand","Sentinel","正土","鹗","Ritsuso","察合台","查碧","","瓦迪姆","","格拉迪米尔","","魏塔","","","夏尔蒙","","","斯皮娜","",""
56,"肯纳德","格洛梅德","Little","赫罗德兰德","格瑞德","Reeve","让勒米","莫莉丝","Lothaire","Larsefauceais","阿·比恩","茶·玛拉薇","Tia","Bihl","密克·利","奇弥","Gamduhla","","","","","","","","特辛伍尔德","Borgbyldasyn","拖夫维布","Bleibornwyn","昂格瑞","Scythe","Meadow","群云","水木","Tosho","察合干","查古儿","","杜沙","","斯洛博丹","","伊尔丽娅","","","迪兰","","","珊梅尔","",""
57,"克里奇","格兰奈","Mason","雷姆菲恩","格里希尔德","Rowntree","朗斯费尔","米安娜","Matigniant","Logedanrel","德·比恩","丝·卡尔卡雅","Tia","Cirha","雷修·阿","蕾修","Chalahko","","","","","","","","特拉古希厄","Bleibornsyn","特拉哈维布","Flekkbornwyn","海皮","Castle","Willow","元肥","三叶","Obinata","察纳儿","查哈","","拉特米尔","","斯坦尼克","","","","","陶尼","","","布莱娜","",""
58,"基尼森","古恩森","Meath","赫罗克","加伊艾尔","Royce","朗德雷内尔","内萝尔","Mayeulons","Marcechamp","佩·因瓦","茶·朋达奥","Tia","Dinhe","扎纳·赛","扎纳","Jakkya","","","","","","","","特拉格韦尔夫","Flekkbornsyn","温塔维布","Geissbornwyn","泰尼","Frost","Rose","薮鲛","峰","Tachikake","察拉哈","彻儿宾","","苏蒂米尔","","罗斯季克","","","","","梅斯纽尔","","","赛迪拉","",""
59,"拉迪斯拉斯","古恩修","Mercer","修维林","哈德维斯","Royle","莱奥代尔","妮米","Merthelin","Marinterre","嘉·因瓦","梅·克洛洛恩","Tia","Fijah","扎纳·坦","茨海","Nbolo","","","","","","","","维姆特尔斌","Geissbornsyn","维姆维布","Guldhaemrwyn","玛蒂斯特","Needle","Lily","涌水","伯劳","Tsurugi","查拉该","侨檀","","蒂霍米尔","","兹杰斯加","","","","","劳伦森","","","珂尓迪雅","",""
60,"兰伯特","伊尔卡姆","Miller","修维拉尔德","海吉里娜","Rush","莱昂索","妮娜","Mestonnaux","Monranguin","丝·尼嘉","恩·拉碧艾","Tia","Ginwa","罗赫·阿","罗赫","Jinjahl","","","","","","","","凡玛伽","Guldhaemrsyn","瓦尔德维布","Hollkoenwyn","雷吉","Thunder","Daisy","阳明","八千代","Miyumi","恰克纳儿","赤日娜","","德拉戈米尔","","杜赞","","","","","","","","克蕾妮丝","",""
61,"劳伦斯","伊玛尼亚","Moore","哈里伯特","海琳达","Ryder","利多瓦雷","尼维","Miraudont","Montenbelt","恩·尼嘉","乌·扎恩格","Tia","Hiqoh","罗赫·尔","吉娅","Polaali","","","","","","","","瓦斯特雷德","Hollkoensyn","沃尔克维布","Hollmyrganwyn","珀伊珍","Rain","Tulip","雷电","弥生","Yuzuka","秋格帖","丘塔","","帕瓦奥","","弗拉丹","","","","","","","","德布罗伊","",""
62,"劳伦修斯","乔西亚","Morning","哈里沃尔德","海莉森特","Savage","利奥内","诺阿勒","Muraudel","Montorgains","西·黎因","雅·柯奈布","Tia","Jinh","纳格·利","娜格","Maimhov","","","","","","","","维布罗特","Hollmyrgansyn","伍尔特维布","Pfarskratwyn","怀特","Snow","Flower","落叶","雪","Yumite","丘麻干","丘檀","","卡切克","","科斯谢伊","","","","","","","","多妮","",""
63,"罗德维克","莉娜","Newton","海伊德尔夫","哈丽芙","Skinner","路易斯蒂奥","诺莉娜","Narmandais","Nillefrant","奇·黎因","佩·迪罗格","Tia","Khilo","纳格·拉","娜修","Lyehga","","","","","","","","威尔特维克","Pfarskratsyn","赞特维布","Sundwilfwyn","雷德","Hammer","Acorn","罗生","夜樱","Rokuyari","赤勒坤","丘托塔","","托米斯加","","拉基斯加","","","","","","","","埃雷米娅","",""
64,"麦迪逊","琳妮薇","Nolan","海伊马特","海尔梅森特","Souther","吕多佛兰","诺蕾丝","Nellemond","Noirterel","乌·米图","佩·达密亚","Tia","Lizha","纳格·雅","约姆","Kaatapoh","","","","","","","","米特纳克特","Sundwilfsyn","艾尔姆维布","Ostyrwilfwyn","布鲁","Helm","Plain","岚雪","夜见","Daitou","赤儿库","达加思","","拉迪米尔","","兹拉托米尔","","","","","","","","菲多娜","",""
65,"曼佛罗依","梅朵尔","North","海尔弗里克","希尔德拉娜","Speare","吕凯洛","奥德乌","Nogeloix","Norbertillon","丝·米图","赫·莫罗茜","Tia","Mitnu","皮茉·阿","皮茉","Khamazom","","","","","","","","乌恩特希尔","Ostyrwilfsyn","艾尔格维布","Loetwilfwyn","耶娄","Shield","Rafflesia","棱线","和香","Tatewaki","赤儿革","朵库兹","","拉祖姆尼克","","弗拉基米尔","","","","","","","","格琳塔","",""
66,"玛斯","梅蕾维娜","Oswell","海尔姆哈特","阿伊兹维芙","Stark","马尔塞卢瓦","奥蒂莉","Norbettaux","Notrelchamps","瓦·林哈","伊·迪奈克","Tia","Nitsah","皮茉·托","玖兹","Panipahr","","","","","","","","德瑞斯纳古尔","Loetwilfsyn","贝尔克维布","Kindlaentwyn","斯蒂尔","Axe","Ivy","麟凰","塔花","Hagane","赤勒都","朵伊","","梅龙","","诺瓦克","","","","","","","","哈蒂雅","",""
67,"莫丁","爱蕾尔","Piper","海梅特","伊马妮艾","Starr","马克凯洛尔","翁布莉娜","Noudenet","Orchambaut","艾·林哈","尔·阿德布","Tia","Oimeh","纳奥·阿","娜奥","Moshroca","","","","","","","","爱因特鲁古","Kindlaentsyn","布拉特维布","Hirskhwabwyn","伊戈尔","Mythril","Blossom","饭纲","畔菜","Bugai","查嘎台","也吉","","布拉尼米尔","","韦利米尔","","","","","","","","朱莉塔","",""
68,"摩甘特","艾丝琳","Poole","艾尔内伊斯","阿梅尔","Steele","马里于斯泰尔","昂蒂娜","Oirellain","Ormesang","伊·林赫恩","尔·纳毕雅诺","Tia","Pinha","纳奥·利","琼恩","Garanjy","","","","","","","","福尔扎吉尔","Hirskhwabsyn","布瑞恩维布","Syvinsnoewyn","迪普","Copper","Thorn","","","Gunji","答里巴","也克","","维塞斯加","","斯坦尼米尔","","","","","","","","琪娜拉","",""
69,"摩律斯","阿琳","Potter","古恩特马尔","拉薇娜","Sternn","马鲁瓦勒","奥菲丽","Orselfaux","Ortefauchel","赫·林赫恩","芙·瓦罗恩","Tia","Rihll","纳奥·拉","萝艾","Jawantal","","","","","","","","古雷因涂姆","Syvinsnoesyn","杜斯维布","Wastmyndwyn","毕特尔","Iron","Daughter","","","Abumi","特勒孛哥","也末真","","布龙迪","","切斯加","","","","","","","","库克拉","",""
70,"纳瓦拉","西艾娜","Reed","古恩德巴尔德","琉金","Stone","马蒂亚莱","奥菲安娜","Ouraux","Ostoiraint","卡·施塔","古·因塔娜","Tia","Sthah","雷拉·阿","蕾拉","Lihzeh","","","","","","","","格林瓦希特","Wastmyndsyn","菲特维布","Wastgreinwyn","乔伊尔斯","Mountain","Bride","","","Kabuto","土尔东","歌儿该","","博然","","斯塔斯","","","","","","","","拉谢勒","",""
71,"诺埃斯","卡埃拉","Rich","盖尔维辛","莉芙恩","Thorne","莫雷兰","奥莉亚娜","Padilloux","Outreguerlain","克·施塔","克·帕恩德尔","Tia","Thish","雷拉·托","德约","Mujuuk","","","","","","","","古尔德维兹","Wastgreinsyn","菲达尔隆纳","Wastbyrtwyn","杰勒斯","Stone","Veil","","","Oshiga","道尔贝","革阿","","米拉丁","","斯维亚托戈尔","","","","","","","","拉杜妮雅","",""
72,"奥利弗","迪德拉","Rose","盖弗哈德","莉塞","Walder","马克西米卢瓦","佩瑟勒","Pamisolaux","Parsemontret","恩·斌巴","奥·达纳恩","Tia","Shikhu","雷拉·利","科姆","Jaab","","","","","","","","海尔布修缇恩","Wastbyrtsyn","福鲁斯克隆纳","Bloedornnwyn","阿登特","Boulder","Bridle","","","Ittetsu","巴夫该","高娃","","泽米尔","","博策克","","","","","","","","斯瑞希","",""
73,"奥利西克","艾阿拉","Sadler","吉赛尔伯达斯","马缇尔德","Vance","纳坦","佩琳娜","Paulecrain","Pasdevillet","梅·斌巴","梅·斯恩布拉","Tia","Vimba","戴比·利","黛比","Tayuun","","","","","","","","伊恩沃尔德","Bloedornnsyn","福鲁特隆纳","Bloelakwyn","奥本","Spire","Feather","","","Iteya","巴图","呼也仑","","波格丹","","弗塞沃洛德","","","","","","","","洛里莱","",""
74,"奥里克","艾阿凡","Sawyer","盖尔弗拉达斯","梅海妮尔达","Vann","诺拉内尔","佩尔娜","Pelderain","Pierriquet","乌·维洛","佩·茶克赫","Tia","Wiloh","戴比·雅","奈莫","Bajhiri","","","","","","","","柯坦拉姆","Bloelaksyn","吉贝特隆纳","Bloegaezwyn","阿福","Hill","Moon","","","Kiba","拜答儿","呼札乌尔","","佩塔尔","","布莱兹","","","","","","","","茉蒂","",""
75,"奥尔温","艾达琳","Shepard","盖尔塔","密拉","Weard","奥克塔韦尔","皮耶娜","Prairillot","Portelaine","古·维洛","维·阿琳贝","Tia","Yhisa","奇纳·阿","奇娜","Zhwan","","","","","","","","克瑞斯特利姆","Bloegaezsyn","柯斯特隆纳","Guoljarrwyn","赛德","Mesa","Star","","","Mihata","拜都儿","哈敦","","克尔斯托","","蒂洛","","","","","","","","姆娅","",""
76,"奥斯里克","爱伊利斯","Slater","盖伊罗瓦尔德","奥德布尔嘉","Warren","奥尔达里克","蕾内特","Primerain","Quemperlain","奥·津巴","瓦·雅恩荻","Tia","Jhida","奇纳·托","茨布","Molkoh","","","","","","","","米特米尔刚","Guoljarrsyn","库雷特隆纳","Loezkhanwyn","斯涛沃特","Ravine","Heaven","","","Meiken","巴加里台","火尔赤","","沃因","","达莱克","","","","","","","","拉希妮","",""
77,"拉夫","芬内拉","Smith","弗里德伯特","奥迪拉","Wayne","奥斯卡莱","里维恩娜","Priorfaix","Quimperin","碧·津巴","梅·特里姆纳","Tia","Nulah","奇纳·拉","约赫","Mewrilah","","","","","","","","纽恩克雷普夫","Loezkhansyn","奇厄斯隆纳","Lyngmholwyn","捷勒斯","Gorge","Dawn","","","Yatsurugi","巴塔查只干","呼阑","","伊泽特","","泽利米尔","","","","","","","","塔拉妮丝","",""
78,"罗浮","菲阿库拉","Southway","法拉蒙德","奥蕾拉","Weekes","帕尔塞梅尔","勒埃尔","Quemilien","Robairlaint","阿·努洛","德·奥恩德罗","Tia","Bhudi","戴特·利","黛特","Rabntah","","","","","","","","菲姆博尔古","Lyngmholsyn","玛斯隆纳","Lyngroeganwyn","索利德","Glacier","Dusk","","","Kensaki","巴塔赤罕","科克","","米罗斯加","","德拉赞","","","","","","","","维尔玛","",""
79,"罗林","菲因内亚","Spence","阿梅恩奥尔德","奥莉尔迪丝","West","帕斯卡耶雷","索蕾特","Quiloud","Rochedalaix","德·努洛","佩·菲洛","Tia","Vhuh","赛达·阿","赛达","Wahcondalo","","","","","","","","利斯缇尔","Lyngroegansyn","穆格雷尔","Lyngwintwyn","斯特莱登特","Forest","Eve","","","Kogane","巴亚尔","麻拉勒","","博日达尔","","米卡茨","","","","","","","","茵泽尔","",""
80,"里巴尔德","格丽妮丝","Stark","艾尔诺尔德","奥特吉瓦","Wynter","波勒蒙","塞蕾恩","Rainteau","Roiteloint","雅·苏布","奥·波拉芙","Tia","Lhuil","赛达·利","帕瓦","Jomalah","","","","","","","","塞斯布罗达","Lyngwintsyn","纳克特雷尔","Wintwyrnwyn","奇恩","Desert","Comet","","","Kurogane","巴彦","末儿真","","斯捷潘","","拉迪戈斯特","","","","","","","","泽尔菲","",""
81,"里卡德","伊安娜","Tanner","阿诺尔夫","奥伊德拉","Woode","佩瑟凡","索菲娜","Raitmeaux","Rontremont","乔·苏布","乌·卡瓦乌","Tia","Quohn","欧夏·利","欧夏","Relanah","","","","","","","","斯塔尔瑞特","Wintwyrnsyn","利斯雷尔","Wintbrotwyn","布莱特","Volcano","Jewel","","","Shirogane","巴尔丹","弥德","","亚罗斯加","","米卢廷","","","","","","","","","",""
82,"里克曼","凯埃拉","Walker","艾德尔斯坦","拉德莉亚","Wyght","雷蒙多","索蕾勒","Rillemont","Roustebant","伊·库奥恩","瓦·凯帕嘉","Tia","Tohka","欧夏·托","帕佳","Akhabila","","","","","","","","西尔布维兹","Wintbrotsyn","斯凯恩雷尔","Wintfohcwyn","劳斯特","Geyser","Gem","","","Aogane","矛赤","妮真","","普雷本","","科采利","","","","","","","","","",""
83,"劳力士","姬迪","Ward","贝尔维尔夫","蕾加娜","Wyman","罗马里克","索菲亚娜","Roulemet","Saintrelmaux","恩·库奥恩","维·多雅嘉","Tia","Rhowa","欧夏·其","穆吉","Awandah","","","","","","","","西文伯恩","Wintfohcsyn","斯威古雷尔","Ernafolgwyn","勒古布瑞斯","Island","Cloud","","","Akagane","麻卡里","窝忽儿","","博尔纳","","库林","","","","","","","","","",""
84,"罗宾","凯夏","Weild","贝缇恩","蕾茵嘉特","Wynne","席尔瓦勒","塔妮娜","Saistenioux","Sarmantoix","茶·柯特","乔·吉美","Tia","Cott","欧夏·坦","塔吉","Anbolho","","","","","","","","瓦斯比尔姆","Ernafolgsyn","西兹恩雷尔","Ernahaemrwyn","道乌尔","Jungle","Light","","","","麻思古德","斡兀立","","西尼萨","","布罗尼斯加","","","","","","","","","",""
85,"罗杰","梅芙","West","贝林哈尔德","琳伊尔达","Reed","松布雷坎","泰西","Silmontaix","Sellecerre","乌·柯特","卡·佳瓦娜","Tia","Muhih","拉拉·托","菈菈","Betwanhe","","","","","","","","吉恩贝尔克","Ernahaemrsyn","维步雷尔","Grymgaezwyn","诺森","Grotto","Dream","","","","蒙里克","窝奇","","佐兰","","卢博米尔","","","","","","","","","",""
86,"罗斯","米拉","White","巴尼尔","罗海伊莎","Hayle","斯特凡诺","蒂法娜","Solainteau","Soilanteaux","赫·祖拉","瓦·札姆科","Tia","Xhula","珂尔·阿","珂尔","Binbotaj","","","","","","","","艾斯比尔","Grymgaezsyn","韦尔夫碧达","Grymkoelwyn","萨森","Steel","Glass","","","","呼沙儿","窝儿哈娜","","卢托米斯","","阿迪斯","","","","","","","","","",""
87,"朗德尔夫","梅里埃尔","Winsome","贝罗阿尔德","罗莎琳德","Speake","西尔弗雷","特里娜","Surlaint","Teaurelin","芙·祖拉","乌·洛约德","Tia","Runja","珂尔·利","米伊","Burwani","","","","","","","","艾斯特拉哈","Grymkoelsyn","吉恩碧达","Gyrmoenwyn","维斯特恩","Oak","Goddess","","","","伯卡泰","卡敦","","戈里尼亚","","伊万尼斯","","","","","","","","","",""
88,"洛兰德","纽拉","Witte","贝罗尔德","罗伊莎","Crofte","泰奥巴兰","特里塞勒","Terremiaux","Terrechant","嘉·宇赫","西·特莉格","Tia","Ghuh","珂尔·赛","哈丝","Dolabnha","","","","","","","","费兹吉姆","Gyrmoensyn","阿尔碧达","Saesraenwyn","伊斯特恩","Elm","Sky","","","","伯契台","阔亚儿","","尼诺斯加","","塔尼克斯","","","","","","","","","",""
89,"莱查德","希里斯","Yaeger","贝尔塔尔","塞莉","Lance","特奥菲兰","于勒瓦娜","Thievenaix","Thierremont","丝·宇赫","西·托尔妲","Tia","Dhol","芭茨·阿","芭茨","Dakwhil","","","","","","","","伊恩布罗达","Saesraensyn","安卡碧达","Kroemkhezlwyn","厄利","Walnut","Heaven","","","","伯古努帖","沙木加","","阿斯米尔","","博莱克","","","","","","","","","",""
90,"萨姆森","蒂芙","Yar","阿乌多因","希格博塔","Redwyne","特鲁阿纳","于尔西耶勒","Tirauland","Torsefers","阿·果尔","阿·凯碧卡","Tia","Fhuz","奇伊·托","奇伊","Entialpoh","","","","","","","","古雷因博尔古","Kroemkhezlsyn","巴尔德碧达","Hyrtfyrwyn","雷特","Stump","Ghost","","","","伯吉儿","斯琴","","塞德达","","茨韦特科","","","","","","","","","",""
91,"桑德雷","阿格尼丝","Yarborough","奥特加尔","莎伊艾勒","Blackthorne","蒂埃戈","维亚娜","Tourcenet","Tristechambel","碧·果尔","梅·登茉","Tia","Jutah","奇伊·赛","布卡","Elakha","","","","","","","","斯沃兹拉姆","Hyrtfyrsyn","盖姆碧达","Hyrtberawyn","瓦里恩特","Sentinel","Laurel","","","","伯哲哥","沙儿","","拉蒂博尔","","博尔施","","","","","","","","","",""
92,"西古尔德","阿莲奈","Weaver","阿维里特","缇拉","Blackstone","于尔叙兰","薇艾尔","Travanchet","Uchemantoin","西·茶伊","伊·札赞","Tia","Aboh","奇伊·沃","蒙恩","Fashonti","","","","","","","","Xxxxxxx","Hyrtberasyn","Xxxxxxx","Floeransawyn","诺博","Pine","Diamond","","","","伯察兰","速夫德","","米哈洛","","普里比娜","","","","","","","","","",""
93,"西蒙德","阿米莉亚","Webb","安兹海尔姆","乌达","Greywolfe","瓦朗蒂努瓦","雅埃勒","Urleaux","Urselmert","伊·茶伊","黎·米嘉兹","Tia","Batih","哈舞·利","哈舞","Ganajai","","","","","","","","Xxxxxxx","Floeransasyn","Xxxxxxx","Ansamhawyn","普劳德","Fir","Emerald","","","","伯德哲","帖木仑","","","","埃迈里克","","","","","","","","","",""
94,"坦普尔顿","安费莉丝","Wells","安索伯特","乌伊蕾达","Greywoode","瓦勒兰","伊黛娜","Usurlois","Vaincannet","尔·艾托","奥·柯尔贝","Tia","Qhulu","雷伊·托","娜伊","Lanbatal","","","","","","","","Xxxxxxx","Ansamhasyn","Xxxxxxx","Nyunmerlwyn","格劳瑞斯","Cactus","Sapphire","","","","布彦图","托雷真妮","","","","卡齐米尔","","","","","","","","","",""
95,"瓦讷","安格莱特","Wheeler","阿尔凯威乌斯","乌尔嘉尔达","Greyashe","瓦尔特蒙","伊勒瓦丝","Valeriant","Vainchelon","嘉·艾托","茶·沛嘉","Tia","Monhi","雷伊·阿","蕾伊","Moshantu","","","","","","","","Xxxxxxx","Nyunmerlsyn","Xxxxxxx","Rhutirammwyn","奥诺热博","Tree","Ruby","","","","布卡答儿","岑萨儿","","","","特皮米尔","","","","","","","","","",""
96,"维斯","安娜","Wright","阿凯姆巴尔德","薇蕾达","Westmoore","旺特尔姆","约恩娜","Valtin","Vairemont","伊·达提","丝·霍兹恰","Tia","Tyanu","雷伊·利","玛舞","Chelewae","","","","","","","","Xxxxxxx","Rhutirammsyn","Xxxxxxx","Rhotsatzawyn","布若肯","Sword","Amber","","","","布鲁干","图拉齐娜","","","","博拉斯","","","","","","","","","",""
97,"文森特","阿弗丽尔","Young","阿奇姆巴尔特","维尔博嘉","Westknight","维利贝尔","约莱娜","Voilinaut","Valeroyant","艾·达提","佩·拉穆伊","Nunh","","莱伊·阿","莱伊","Wolndara","","","","","","","","Xxxxxxx","Rhotsatzasyn","Xxxxxxx","Ghutsaldwyn","庄肯","Tomb","Pearl","","","","布特丘","乌金","","","","","","","","","","","","","",""
98,"威廉姆斯","艾蕾丝","","阿雷恩瓦尔德","维尔梅塔","Frostwyght","亚尼斯唐","伊丝特里德","Vremaix","Vilauclaire","乔·莫纳","佩·塔嘉","Nunh","","莱伊·利","诺吉","Wilzuun","","","","","","","","Xxxxxxx","Ghutsaldsyn","Xxxxxxx","","布瑞珍","Shadow","Smile","","","","布特革","乌兰","","","","","","","","","","","","","",""
99,"维恩伯格","卡门","","安塞罗特","米露达","Redsteele","伊夫隆","扎碧妮","Xavalien","Vortefaurt","卡·莫纳","嘉·玛嘉","Nunh","","吉利·阿","吉莉","Quowaital","","","","","","","","Xxxxxxx","","Xxxxxxx","","艾博尔","Bone","Wool","","","","孛古哥帖","","","","","","","","","","","","","","",""
